course	uuid	node_id
csa	1e48386f-8fa6-4302-8881-f8ebcc281550	1.1.A.1
csa	ed5c52ed-e90e-4187-b2c0-b9c3c32c16eb	1.1.B.1
csa	3fc12e30-01fc-47ed-8c5c-edd88ee1b1b1	1.1.C.1
csa	a33b0de2-e7fe-4184-883c-ff3f0d901d01	1.1.C.1
csa	c9ea635a-110a-49c0-9644-774795a366b2	1.1.C.1
csa	e55035d8-41af-4a08-9e60-6df19353a201	1.1.C.2
csa	bb26c660-f3c1-47ea-a438-56d754bf5441	1.1.C.3
csa	f6ad7343-dbce-4f90-a9a7-af560e28beb2	1.1.C.4
csa	6128d62a-e849-4a09-ad07-3eab87e9e813	1.10.A.1
csa	0a1abe67-cf53-490a-905e-e3d07458a317	1.10.A.2
csa	9cab2c7f-2922-46bc-9926-b80c86cfc2e0	1.10.A.2
csa	fc34fcf4-587c-4764-83a6-ecadf0f2d348	1.10.A.2
csa	15d579c5-5647-406a-a05c-676605dfbf0f	1.11.A.2
csa	bd0ab275-edf3-4dfb-9ca2-97b259ee7a09	1.11.A.2
csa	002c974e-4182-4579-8c1c-2e06bbda0326	1.11.A.3
csa	45a40929-7d8f-4d12-bd99-203d2b75a8ff	1.11.A.3
csa	56a05ea0-a1ec-4543-8135-63689a74baa8	1.11.A.3
csa	c6f3e7e8-d8cb-46b4-afd1-ecbccb6c2b1b	1.11.A.3
csa	4382d841-a64b-4e6d-9151-c60a66a48e77	1.12.A.1
csa	ef0b1e3b-5907-4e83-acd1-023782f88b3e	1.12.A.1
csa	6d02277b-48b9-4263-832d-45c8c7d2ad7c	1.12.A.2
csa	1f43b090-9c40-4c53-91d8-5135741954f5	1.12.A.3
csa	420b29c5-5660-4881-9f77-39d524cd82d8	1.12.B.1
csa	564be60f-5f73-4e64-aef0-2531af15b795	1.12.B.1
csa	391584a4-ae42-4486-9b16-4078eb194bf4	1.13.A.1
csa	7e2a60c5-3599-488d-8726-d9321826f856	1.13.A.1
csa	f2fbf5d0-f164-4c8d-9cbd-3355be4e4845	1.13.A.1
csa	48fd3a42-41f5-4828-9118-01f984ffefd7	1.13.A.2
csa	0fad0ed0-ea63-48a2-a151-7152de71ef4a	1.13.A.3
csa	c019c453-8273-4c95-be3e-4d58f8b8f4e9	1.13.B.1
csa	925a5d29-c6c2-4d72-91f0-390ec44b2c0f	1.13.C.1
csa	ca6edbcc-3073-4c22-a3af-c337a752f2ad	1.13.C.1
csa	fad5a542-bf14-4bc1-8c70-a650b66ed2d9	1.13.C.1
csa	f0a9471a-f6d9-4abc-8c70-b0898ab65245	1.13.C.3
csa	7373f41e-ce0c-49a2-923c-526d5da52681	1.13.C.4
csa	a28330b3-6b85-4f6b-b1ea-7421f74cf938	1.14.A.1
csa	d68a8ef4-5121-4f80-8a8c-fcdfeb2f5eeb	1.14.A.1
csa	7ea71ae2-20d7-474e-a06b-82aba0c4e8f9	1.14.A.2
csa	d3d37147-b4d5-433f-a030-66e4f4593c4a	1.15.A.1
csa	299b7ae8-fb9f-4c31-8e60-ad1c751f263d	1.15.A.3
csa	6887a13e-97b9-40eb-81ec-c0d4cf0fecd7	1.15.A.4
csa	953f3365-b597-45c1-8f5e-b960bc75112e	1.15.A.4
csa	adbc2a75-43f4-4aaa-998b-dce0186c0b0e	1.15.A.4
csa	be65fdd0-43e8-45d1-b1f4-eec4893ef008	1.15.A.5
csa	d9e7d50f-26ea-494e-b5f5-df68d4a560c3	1.15.A.5
csa	e906cc04-34ce-47cf-b95e-9d088bf3bf1f	1.15.A.5
csa	5ece0dde-b09c-40bb-aa07-b2ce8464506c	1.15.B.1
csa	5a6b89af-e674-4afb-ab31-2dda9d028d2d	1.15.B.2
csa	6ca042d3-d7b8-4afe-a40e-615a740bdb08	1.15.B.2
csa	7bde64be-c301-4299-b510-5210172560e3	1.15.B.2
csa	a52faa9d-171b-4ffb-914c-ed503be321eb	1.15.B.2
csa	c4d7feec-0065-4eca-a439-32e4d01ce98d	1.15.B.2
csa	eb6f2c42-225a-4329-8fd7-616436b19874	1.15.B.2
csa	fa78c533-f027-4d2d-9300-f498b81061a3	1.15.B.2
csa	58fd2cd5-a543-4aa5-bf1d-f2021cedaaff	1.15.B.3
csa	6e4e4f01-2e0e-48ae-9fdf-6564e8d0b952	1.15.B.3
csa	c7ebc916-9b70-4688-bea3-5b562bf41cce	1.2.A.1
csa	f3449277-7275-4bda-8e58-eea5bcd5c84a	1.2.B.2
csa	735b058a-b8a2-4b96-8bba-60081d9a6a90	1.3.A.1
csa	243fafdb-3ad1-4371-85aa-c3332295eacc	1.3.B.2
csa	94fbea0a-df96-48c1-8305-176d90120069	1.3.B.2
csa	f057a634-a914-4c1c-92de-3b90c65784b0	1.3.B.3
csa	1cb11bbb-d03c-4d93-bf43-80499e162124	1.3.C.1
csa	ab994270-9072-4494-b956-85ec4d239a61	1.3.C.1
csa	32e8671d-0213-4b34-bf07-ca067bc20745	1.3.C.2
csa	c44ec26e-b4f2-4ceb-bca2-503267241b6d	1.3.C.2
csa	3b7570a3-6d8f-46fa-96f7-1abc9c0b7103	1.3.C.3
csa	53736f6b-d4c8-4575-baa7-95a028cca79a	1.3.C.3
csa	369fbb3c-0ca3-4c90-aef4-3564819f6545	1.3.C.4
csa	d1819054-ecd6-4245-9f79-a3b420db8ff3	1.3.C.4
csa	c2200661-11df-47c1-ae40-f233709ecdc3	1.3.C.5
csa	456cc048-2d48-4d2e-ba5c-95742d965431	1.4.A.1
csa	efabfb97-2ae6-490b-b611-52503a122a67	1.4.A.1
csa	67ee4588-9434-4eb2-b91d-07a27bbb5f1d	1.4.A.2
csa	8bb26936-c33c-496e-bdcb-8257470b7039	1.4.A.3
csa	0d9de022-3a91-477e-b001-3f7c25f4ebff	1.4.B.1
csa	fe425cd1-f384-4410-8683-40346dabcaf7	1.4.B.1
csa	71037e1b-ffa9-4936-9a49-b065e5e9eddf	1.5.A.1
csa	902ed0fb-3ea4-49b7-9360-5cd4e95200a3	1.5.A.1
csa	f9f236f7-c6bf-4079-a579-14fa962f72d9	1.5.A.3
csa	5051e7b0-a644-45f2-a668-ff3eb4e264b2	1.5.A.4
csa	ab5e0639-5a47-4295-9c9b-bbfd81df8820	1.5.B.1
csa	d5d4eaf9-1963-4fbb-a03b-a57f774b3e95	1.5.B.2
csa	bbcad76a-02c1-4f52-84dd-cb8b155c0c23	1.5.B.3
csa	e6fa01e5-99b3-430a-ba2c-7bb3ab759f41	1.5.B.3
csa	0bfe5c1c-41b3-4844-acb0-a51b7b231c58	1.5.C.1
csa	30e12cca-8724-40ff-8b18-7fbab0befebb	1.5.C.1
csa	713f4a22-bc84-4bad-8997-fd74fb7c1d87	1.5.C.1
csa	9a3e89cd-c171-4366-9d65-a0c53d4c725a	1.5.C.1
csa	1c9c9436-3b9c-4b18-9177-e2c4db4f562f	1.6.A.1
csa	9690e8d4-9d6a-4878-bfc4-574a55d36b87	1.6.A.1
csa	cb9aac7f-f39e-4c2e-8e54-4ed8d7ecf84c	1.6.A.1
csa	d3c5c770-56b6-46f1-8179-ba04f812027e	1.6.A.2
csa	b0ca0d44-218a-4c9d-a275-d46783db4742	1.7.A.1
csa	c9826686-328a-4c47-b32d-e17132034230	1.7.A.2
csa	6581e308-fdbb-4231-9bcb-a7d3f9acc806	1.8.A.1
csa	938b92d5-ee0e-425a-ace4-64eeeaf6a5a9	1.8.A.1
csa	d5b69206-9001-423e-a5b9-f52d95a7932d	1.8.A.1
csa	11b3491b-6cf0-4419-8e4a-98f5d7f42ae1	1.8.A.2
csa	b306f6dd-f43d-4078-9e4a-ede41bd6f085	1.8.A.2
csa	e80318fe-b5f1-4cfe-bbe0-f48ebdc60212	1.8.A.2
csa	ea8eac0a-8200-4e67-9bf6-5d572f88e791	1.9.A.1
csa	20986aef-3a55-48a7-a451-16934698b316	1.9.A.2
csa	aa85cfb3-ac83-489f-b718-b04877e65452	1.9.A.2
csa	aaa9c0e2-43a2-4da0-828e-778d0cf3e9de	1.9.A.2
csa	ac4c2572-a5e4-4271-91e9-dd12b826412e	1.9.A.2
csa	7448f90f-24ca-4866-a07b-1fabc3cffa0e	1.9.B.1
csa	671763ce-5d45-4c2a-ab19-91a9a6270f2c	1.9.B.2
csa	96d357dc-8547-4816-8d02-d53b9a04d560	1.9.B.2
csa	bb4c26fe-281a-421f-aa73-fc76354a2114	1.9.B.2
csa	336295c8-71c4-4af1-a0a8-fb54986d2b0d	1.9.B.3
csa	7c0ed43a-547d-492f-8f2e-2e5bc4d47b1d	1.9.B.3
csa	9c8565a2-f7e1-48e7-959b-2fe942c9c600	1.9.B.3
csa	bb406397-21d0-445a-bdf0-5a4abe93b455	1.9.B.3
csa	1c167896-1ead-4dab-8816-d7ef8b4ee1cd	1.9.B.4
csa	8aba3490-639b-4515-b362-376477b6822b	1.9.B.5
csa	ccfc9a22-9975-4c98-9c7f-7e44ff749957	1.9.B.5
csa	d33c5576-142a-4dce-b9a8-be82b9547a50	1.9.B.5
csa	d09c309c-0010-4eca-a981-8febe389caf1	2.1.A.1
csa	fefc1d21-bb1f-4c81-a65b-dc228b23246a	2.1.A.1
csa	389dd5f9-4a16-4b6b-9429-7d76071acb01	2.10.A.1
csa	7d55aea0-2c46-47de-99ad-1065bee74520	2.10.A.1
csa	874c0d24-dfb6-4d59-b762-fc16477bbdb9	2.10.A.1
csa	b2966670-7f91-4ed5-bc87-738948815030	2.10.A.1
csa	3284ce94-f10c-410f-8888-f2c8e6b983ba	2.11.A.1
csa	9a820ae5-535b-4939-84c9-b3df2217533d	2.11.A.1
csa	0594bf60-f89e-40d6-bf58-7cacfcf6e8d8	2.12.A.1
csa	4fa88e21-76ff-4d67-979c-c900c92ce09e	2.12.A.1
csa	7269f017-bf15-4caf-be1c-18bbefeaf7c3	2.2.A.1
csa	cfa1ab16-abf9-445e-9c3b-445ec5720d24	2.2.A.1
csa	dc9b5a5b-7794-4204-85c8-1c7dac392fd1	2.2.A.1
csa	eafc7dc4-52ec-48fa-abaf-c6be04ba5e56	2.2.A.1
csa	3071efa1-5290-4474-a4ee-a815c376f5b3	2.2.A.2
csa	dbe4a24c-3c91-4158-acd6-4883fdf6b094	2.3.A.1
csa	65b9d745-bc14-401b-9647-bb326f5a82e7	2.3.A.2
csa	b26e0f26-82d5-4acc-aee4-b043c433afff	2.3.A.2
csa	0a44f60c-8c8a-4aa3-878b-ccf230633a10	2.3.A.3
csa	49c81612-d043-47c9-85c0-d9a704c7e16b	2.3.A.4
csa	1d9a8d8b-72df-47bc-9e6f-6c2afe7c9b56	2.4.A.3
csa	2eccd76f-1f2c-432f-8ed1-75d6336c79b2	2.4.A.3
csa	788e98d6-5f91-4258-901d-994256e588b4	2.4.A.3
csa	c395f2a8-9cf6-4beb-82df-41f6be78ba41	2.4.A.3
csa	deae6886-54fd-42d6-8e83-a60a6ad85afa	2.4.A.3
csa	f092c747-a948-4d6b-9880-07f3a7665811	2.4.A.3
csa	8c66bef8-43b1-4aea-a7f4-e747adb11e4b	2.5.A.1
csa	a2f029ef-80eb-4fa6-9e30-21583640270a	2.5.A.1
csa	fd15949f-da5a-4244-9951-16165ff2dfd9	2.5.A.2
csa	671fbdd9-443a-47d3-b790-87aa9a880043	2.6.A.1
csa	a9b7ab78-cc9a-44f4-8309-783b34e54873	2.6.A.1
csa	b0a1c72e-91f9-4e00-974c-36657036c3f5	2.6.A.1
csa	8d090e49-4519-4cf0-93b1-480cd225a91a	2.6.A.2
csa	9a77ec7d-e6a9-42b8-bc21-2b7eb75de92b	2.6.A.2
csa	a28480e9-d91b-4d0e-9e69-9239761dc798	2.6.A.2
csa	8c49974f-8de0-4afc-94ae-e509214c6b0b	2.6.B.1
csa	9d6d1ab7-59c0-48bd-89fa-f61599ce9a43	2.6.B.1
csa	803aa40b-47ee-41fa-b2d7-ab9089d5434d	2.6.B.2
csa	1f9ade44-23d6-42fb-bdf2-8f82d54c6aa5	2.6.B.3
csa	9e744a15-6d3c-408a-a573-0801501df15c	2.6.B.3
csa	dcad7127-4cd9-4188-bc76-fb1565c4ff94	2.6.B.3
csa	d7b17b6d-3e5f-4aa3-8623-31923f9eb3aa	2.7.A.1
csa	9351853e-85ce-4887-b22c-4da478f83df7	2.7.A.2
csa	fbcddacd-3a38-4090-b035-cdac09ef9754	2.7.A.2
csa	fc0d7231-90a5-4083-ad02-4846e3521aa1	2.7.A.2
csa	2e829ca8-5ab8-46f1-a325-e89197cc051f	2.7.A.4
csa	36eda965-cdee-4d02-a430-44512f65384a	2.7.B.1
csa	4382f55e-b47d-4e37-9d78-28ca0cd920aa	2.7.B.1
csa	57193814-0079-4e24-8f39-f0cb679add44	2.7.B.1
csa	62f86dcb-ef96-447b-83db-f319a4a7114a	2.7.B.1
csa	7100e56c-fe0f-4e57-86cb-e0ee66072d92	2.7.B.1
csa	a36e9353-cf41-41e2-8156-86d728d0b8ce	2.7.B.1
csa	c6efc156-84c6-4419-adf9-34c4466312bc	2.7.B.1
csa	57958167-13ae-4cb9-9e4f-c64f1f198adf	2.8.A.1
csa	6d12382a-7278-46c0-812b-edd288993b71	2.8.A.1
csa	16f25f04-9202-44cc-8b61-659e1cb4f597	2.8.A.2
csa	ac4f8d0c-f1ad-4051-96b6-f474bcbf92b7	2.8.A.2
csa	d2aeca50-d573-490f-8650-c31d197dbcef	2.8.A.2
csa	3612691b-772e-4bf2-a0fd-85baff5fac09	2.8.A.3
csa	7a94bcf1-3d5c-4715-8a7c-748cf49a9af6	2.8.A.3
csa	1adfdf73-109d-4f79-a26f-803035d8f16c	2.9.A.1
csa	45258d79-fb8e-4b71-a0ef-015b214921b5	2.9.A.1
csa	49b7febf-e361-4a7e-92cb-f49dbf36c4e3	2.9.A.1
csa	4f3404f2-f7ce-4332-816f-2c11010a92d6	2.9.A.1
csa	72e68860-5ea6-4e9d-b2ef-eaf5c6682da8	2.9.A.1
csa	bef526f9-97d5-4374-9f95-8c80c237b9dd	2.9.A.1
csa	c6ba53e5-860d-495e-a1a0-d73ffa817156	2.9.A.1
csa	d42c327b-63eb-4f50-9496-f4f492aa745c	2.9.A.1
csa	52192675-1aca-4537-a33a-03a4a740349a	3.1.A.1
csa	9eb1ebb9-1eff-47d4-8184-09b686b93014	3.1.A.1
csa	cb0a58e0-d134-4fd4-b012-9c9f09a91077	3.1.A.1
csa	133b2b8c-01c7-42d1-a7c0-ad069fb897c2	3.1.A.2
csa	39741a34-477f-41e3-8ad4-9606af3ffbbe	3.1.A.2
csa	bf50625a-316d-49a8-b334-6cb611ce119e	3.1.A.2
csa	7dc999e1-74c3-4fe5-9291-b9bb20eca36b	3.1.A.3
csa	9bee76da-4c74-4157-8777-73c245ba2686	3.1.A.3
csa	5cdce992-a7f5-4f9b-acb1-776ca65ac207	3.1.A.4
csa	69ef838d-16f0-44d1-a93e-1f181255c6a7	3.1.A.4
csa	93f26463-c8e2-4fa2-93ce-1f95d99bfbdf	3.1.A.4
csa	ae2e83a4-57cd-41a0-a295-3c0f87fbc810	3.1.A.4
csa	c2d2e2c6-6629-4cc4-a67a-b5c40d416d0e	3.1.A.5
csa	0179a3c9-6fc3-4497-922c-3521a0b32233	3.1.A.7
csa	65b1c6f0-2482-484d-bbf5-5b23632468e3	3.1.A.7
csa	c20be1b6-5a72-42e3-a52e-d19fb3e9cbeb	3.2.A.1
csa	80aa4074-1de5-434a-92bf-12739f39145f	3.2.A.2
csa	c998e915-669c-4d85-a186-bc7e9c28d4fe	3.2.A.3
csa	f08c561d-7f2a-4a33-a57c-e36cc86570b6	3.2.A.3
csa	13dfb0cd-74e9-423e-ba65-8209b0f36471	3.3.A.1
csa	bf9e3d59-9a3e-4238-af4f-034bfd4917e0	3.3.A.4
csa	e025a9dc-10a4-4a8f-82b9-2dd3f9897a2a	3.3.A.5
csa	4bf8eee5-759e-47cb-94b7-b262b2cca522	3.3.A.6
csa	4cbb0b49-7855-44df-a845-fd6445c0c59b	3.3.A.6
csa	5e2e39ac-f3db-4172-9fdc-716397a56482	3.4.A.1
csa	2695ee51-4136-46af-82fb-723bf7383d68	3.4.A.2
csa	9b45326f-1f5f-447f-98e5-b5c3edaddcb6	3.4.A.2
csa	46a72226-53be-4ca0-817b-6e7a6fd327c7	3.4.A.3
csa	f2a0af02-6ce8-4298-946f-b4190cd77b4c	3.4.A.4
csa	6c0957b3-a4cd-4913-a1ae-9685e1be3164	3.4.A.5
csa	d248bfa2-1699-4b54-86bb-b2cab6ce0c58	3.4.A.5
csa	782d0358-3846-463b-9761-cc2334737cd2	3.5.A.2
csa	a68e7001-03fa-4b58-b840-d300de8b7fcb	3.5.A.2
csa	5d29e344-b576-4d86-8bbc-2f3a344a90e2	3.5.A.4
csa	c3eac1ba-7741-46b3-bf65-1e997df9a229	3.5.A.4
csa	9bae5d1e-cb5b-43c7-afb5-d6baf62f9026	3.5.A.5
csa	c6b84d1b-0762-48aa-ac65-ac4e0654d101	3.5.A.5
csa	0d0b4211-04ff-4dbe-9566-c0a7db853579	3.5.A.6
csa	88888a01-8ca2-4743-9ee3-83eaa25cef0c	3.5.A.8
csa	5cb2b629-9093-47cb-87f1-78de5c092b93	3.6.A.1
csa	7a497f9e-92ca-4682-8cf0-1bd6565e3cba	3.6.A.1
csa	7ad90f11-173f-4aa2-8661-9a4cb6ce908b	3.6.A.1
csa	d053b062-2114-4d6a-be03-03bc617fbbd0	3.6.A.1
csa	e8d29d8f-1bb2-4cb9-af9f-d1227eea3daa	3.6.A.1
csa	f04d0b75-6470-40d7-a5c2-99f6bf688fc9	3.6.A.1
csa	51557056-5415-4b7a-83fe-6ac83fa9bc60	3.6.A.2
csa	b08a3884-8b07-4035-b164-13fba0b12dd7	3.7.A.1
csa	3f5e4728-eb75-419d-9e68-cf472621f31d	3.7.B.1
csa	8377675d-df43-4f6f-b647-c987cda92bc4	3.7.B.1
csa	1299d65a-01d1-4cac-a1ab-bc58de7c898d	3.7.B.3
csa	9cef504a-87e1-459f-89e6-5a27cd735274	3.7.B.3
csa	8109d567-8471-492b-866e-e7aedcab97ac	3.8.A.1
csa	a71911ac-6a6b-4d57-87c1-f962ad7bf033	3.8.A.1
csa	ccf868b7-a891-4d1f-9b72-b1baa696cc73	3.8.A.1
csa	b6e42f58-0fe1-4ed1-93d7-cb6c7e77b69a	3.8.A.2
csa	bbe6007e-a4c9-4c26-a840-c410baad2d75	3.8.A.2
csa	c0870199-de97-448d-80ae-539b450b4f1c	3.8.A.2
csa	28d97886-e32f-4a69-8411-80a706f0fffa	3.9.A.1
csa	92c4ba1c-55f8-4806-bb29-9732813be256	3.9.A.1
csa	b8d83981-ab4d-4684-b42a-3a445a7fa2bb	3.9.A.1
csa	c843d2a5-113c-42e8-abf2-1cc26244424e	3.9.A.1
csa	f0f814d7-5566-40a6-a793-4c78e31b0225	3.9.A.1
csa	5fa96a4e-6c22-4d67-aff5-d507146b747c	3.9.A.2
csa	7ef21c3b-cc22-4e19-b52a-33f863580ecb	3.9.A.2
csa	19494040-d06e-4fb0-ba96-de4eb58fffc7	4.1.A.1
csa	eb1d85fb-6364-4431-9992-c8760cc3c2d2	4.1.A.1
csa	c5212f86-4cfe-4fc7-9a9a-b1a58f5b2310	4.1.B.1
csa	012121cb-e00e-4fcf-a0d7-ab0cdd675cc3	4.1.B.2
csa	7a4bb7b4-dab4-49a1-82d8-9265d61f8c51	4.1.B.3
csa	8591041b-3cb3-4558-93b7-1a531b55905b	4.1.C.1
csa	3d153afc-500e-4f55-a5e8-41192ce59218	4.10.A.1
csa	a4233785-d24f-46f0-a281-a5912a0e0444	4.10.A.1
csa	eed0d672-c325-43b4-bee8-11765ed54302	4.10.A.1
csa	a809273f-defe-485d-a047-f2f9641093a3	4.10.A.2
csa	2bb6d7e1-db2e-443e-9c0a-8717802f0a41	4.11.A.1
csa	418bc867-a4d4-4085-94a8-e1ee281c5787	4.11.A.1
csa	4df0fbb2-e5a6-4831-a0f8-d3a7235a03a2	4.11.A.1
csa	6fe212fa-62ff-43d3-aee9-d026b5e59a74	4.11.A.1
csa	d718aba6-c442-4a77-be40-4b78bdedb0fb	4.11.A.1
csa	6d700155-72d5-4e11-b550-a8b8a38bcc59	4.11.A.2
csa	7a20ade3-25d9-4bf2-a02a-e503969faa37	4.11.A.3
csa	7f510ba7-cadd-49da-94a5-226eb33be419	4.11.A.3
csa	b263f73a-87c5-40a4-8023-bf437d9d96ec	4.11.A.4
csa	cbf19072-c507-4d41-b497-dad0d8a2120f	4.11.A.5
csa	5aab9557-1f0d-417e-82ec-8ac8df8545da	4.11.A.6
csa	a3e6b87f-9b9b-40c7-8200-ab92051c8cc9	4.11.A.6
csa	733b725c-4d42-4f05-9695-e79161b2c224	4.12.A.1
csa	ab95ea7e-75e2-46c5-8960-23ff0b0cbb03	4.12.A.1
csa	93e07719-56ae-4ffc-bef0-5f5718e6b56d	4.12.A.2
csa	474d9abf-f816-44ae-ad17-d10fb3092da3	4.13.A.1
csa	9dd34095-a834-4241-bdc9-8d7b22339684	4.13.A.1
csa	ddb7262e-ac0a-4e1b-bfd3-2a4e9122fa69	4.13.A.1
csa	acf6fcdf-fd97-48e4-9c26-59653ad95652	4.14.A.1
csa	eec94a13-b072-4718-a50b-2e037b87f85b	4.14.A.1
csa	4f8f38de-8683-46a0-aa01-75bb6c554a18	4.15.A.1
csa	51aad284-82d8-421a-ba93-2f0f421adae3	4.15.A.1
csa	aca3d238-205a-4a69-92f4-51f4184f7b55	4.15.A.1
csa	7b9697c5-a876-4f45-96f4-5ca26f156571	4.15.A.2
csa	9e856ff2-3bc5-4af3-a872-cc4b6e16cec7	4.15.A.2
csa	93abd1b8-cff0-4ca7-8bfa-d84b0cd014e1	4.15.A.3
csa	caea1f1a-93dd-4eb0-aaa5-bc1f26f25589	4.15.A.3
csa	0bf1e69d-84bd-4c2f-b1fa-3e20fcf26fe6	4.16.A.1
csa	5c489ffe-fd98-4fde-a16b-4d37b9e29859	4.16.A.1
csa	a2df6e0f-f6e2-4dd7-996d-fa0f3c00d61a	4.16.A.2
csa	8e576490-d728-40d0-8bc2-f0260df2dd7a	4.16.A.3
csa	9ce0d824-047a-487c-a532-2cbb5de9ee5d	4.16.A.3
csa	d2c85272-cb3d-44cd-9cbf-0c7118fb0aa8	4.17.A.1
csa	46a49dd0-bdd9-4e69-9a60-83501468feae	4.17.B.1
csa	bf2140d4-7656-43ef-adca-23b07f559e9a	4.17.B.1
csa	ba9b6405-9828-40f5-a2ee-f8edb4a03d56	4.17.B.2
csa	3ddedaa2-702d-498b-a7d3-40c3cc21c20f	4.17.B.3
csa	c3edbbac-dd79-4297-9fa0-fdc1d86e0b11	4.17.B.3
csa	1495d581-d331-4720-8642-cbed74311e8c	4.17.C.2
csa	d60ca895-44a6-46a6-92b1-d3ac66088ab9	4.17.C.2
csa	46eb89a5-5d50-4677-bfa5-6d8af5dab774	4.2.A.1
csa	c57f6798-0a7b-4e1c-90f9-d24adcd65817	4.2.A.2
csa	2dcfeb0b-6693-4969-a426-bbaf294d0a23	4.2.A.3
csa	578541b7-0dde-438a-a05b-8ca7cd8f4dd1	4.3.A.1
csa	9aa75e5c-785a-43b3-8cba-e640d4c38b77	4.3.A.1
csa	adcdbf4a-89eb-4644-9ed0-624215b0109e	4.3.A.1
csa	c6385690-0d73-4c8c-99a7-b90f35e96ffb	4.3.A.1
csa	f6cfcc43-c108-47e5-af2e-3c1e1f2c033c	4.3.A.2
csa	44742501-76fd-4448-9160-91d8407a75a9	4.3.A.3
csa	76a2f195-8d64-4c3f-96e2-ac930e0a6170	4.3.A.3
csa	d8dba558-f3ea-4a32-a0a6-c5835ec40c7c	4.3.A.3
csa	f5f769b1-c0a9-4064-bed9-676968202b2c	4.3.A.3
csa	959a02e6-3b27-4ad6-9da2-098cc79e93af	4.3.A.4
csa	5d01e79a-4151-4866-a156-255091245013	4.3.A.5
csa	a30bed67-3875-4cdf-b1ef-0ea6d1084b9d	4.3.A.5
csa	bbe7cc03-7675-4ad7-9e84-aa9c45645d28	4.3.A.5
csa	9d199b14-28a1-4461-8bc5-b4ce67e1950c	4.3.A.6
csa	aadeeb54-3cd1-4a6b-ab73-d5313c67ac50	4.3.A.6
csa	899abfa9-cf78-4be1-989a-46f649d8d6cb	4.4.A.2
csa	ca386b5b-7a47-4436-8a9a-bb5fed049c58	4.4.A.2
csa	d8ef5bfe-1aac-487e-b668-ce0cc675f531	4.4.A.2
csa	c37ea379-82f3-4187-b789-cb623c34a122	4.4.A.3
csa	38aa08a4-8d95-468a-856f-51ee934fa8a3	4.4.A.4
csa	ff94b73a-a101-4815-9f0c-fe262f7dff72	4.4.A.4
csa	c2d7b9c8-20e4-4851-9c6b-ccfaa6aeec76	4.4.A.5
csa	312e3eb2-764a-4c1c-8cb0-f88beb821198	4.4.A.6
csa	e0a704d4-00ac-4146-935d-45418c052106	4.4.A.6
csa	23c9ce34-caa8-4d40-9085-e0aaf04613b6	4.5.A.1
csa	6bb0123a-2f8a-43c2-8953-cccd40237850	4.5.A.1
csa	719b1a34-eb83-4eb0-9a23-c7feb28168ed	4.5.A.1
csa	ba96b284-8f3e-4570-8802-bc690a016bce	4.5.A.1
csa	c0902251-4e08-4b1b-887f-43393659ae9d	4.5.A.1
csa	c93988dc-7ff5-44e5-a5df-6ae2cf834564	4.5.A.1
csa	d4cbd23c-652d-4acd-a7ae-387b31a0b7b9	4.5.A.1
csa	f087a331-ec11-4b7c-a4fa-c0041554a439	4.5.A.1
csa	4e5027b3-1078-4c00-8971-a6bc5eb6464b	4.6.A.1
csa	7d475d4e-874e-41cc-bb3d-ac89ccaf4e98	4.6.A.2
csa	634caae1-89d4-40e8-adb1-7dadeb07b8a6	4.6.A.4
csa	40480fc9-8d18-49e0-bd04-05d3b9ba07dc	4.6.A.5
csa	993d25cf-b0b4-4447-aca8-0a542f1882fa	4.6.A.6
csa	e072a833-32a6-480b-9b08-0306dcff3aa4	4.6.A.7
csa	63897ba3-b9e0-4d4a-b268-96804b8a99c9	4.6.A.8
csa	7c3fbc8f-9e92-4eef-ac3a-7a1d985b5ae6	4.6.A.9
csa	2f7413b7-37fd-4d31-9cb8-2cc7b05ee9c7	4.7.A.1
csa	8282f8ed-49bc-4936-bced-1bf061a06e40	4.7.A.1
csa	ebeeec2d-a7fe-4a22-abc9-9a9f9a904925	4.7.A.2
csa	34ef69de-7cad-45d5-bd4e-84c748e46693	4.7.A.4
csa	7e2ce056-cc7a-452a-9396-7d310daf4d98	4.7.A.5
csa	942b53e2-a191-4f77-9404-9f29942e3f0b	4.8.A.1
csa	4227080f-13f0-49ab-b999-8c37a9977e4f	4.8.A.2
csa	14a9e7e2-bc59-487f-a3c0-b38870050cba	4.8.A.3
csa	d229b371-7bef-4d2f-9a7d-d45a6a1fab3c	4.8.A.4
csa	26c78085-b383-4138-9e4b-67e50248bcc6	4.8.A.6
csa	cbba7eb7-b718-404d-8b41-f5daa1ea438a	4.9.A.1
csa	092dc9a0-d8c6-4bd2-aac6-99564eef2979	4.9.A.2
csa	423fcaa6-1190-40e6-bce9-c0579f58c167	4.9.A.2
csa	9f708d9b-57ef-446d-8a2b-02e7bb00ae51	4.9.A.2
